"ProcessName","ExecutablePath","CreationDate","ProcessId","ParentProcessId","CommandLine","SessionID"
"System",,"2/3/2025 2:26:52 PM","4","0",,"0"
"System Idle Process",,"2/3/2025 2:26:52 PM","0","0",,"0"
"smss.exe",,"2/3/2025 2:26:52 PM","656","4",,"0"
"Memory Compression",,"2/3/2025 2:27:01 PM","3900","4",,"0"
"Secure System",,"2/3/2025 2:26:48 PM","140","4",,"0"
"Registry",,"2/3/2025 2:26:48 PM","184","4",,"0"
"wininit.exe",,"2/3/2025 2:26:59 PM","1044","856",,"0"
"csrss.exe",,"2/3/2025 2:26:58 PM","1020","856",,"0"
"winlogon.exe","C:\WINDOWS\system32\winlogon.exe","2/3/2025 2:27:00 PM","1388","1036","winlogon.exe","1"
"csrss.exe",,"2/3/2025 2:26:59 PM","1052","1036",,"1"
"fontdrvhost.exe","C:\WINDOWS\system32\fontdrvhost.exe","2/3/2025 2:27:00 PM","1300","1044","""fontdrvhost.exe""","0"
"services.exe",,"2/3/2025 2:26:59 PM","1116","1044",,"0"
"lsass.exe",,"2/3/2025 2:26:59 PM","1132","1044",,"0"
"LsaIso.exe",,"2/3/2025 2:26:59 PM","1124","1044",,"0"
"svchost.exe","C:\WINDOWS\System32\svchost.exe","2/3/2025 2:27:13 PM","8544","1116","C:\WINDOWS\System32\svchost.exe -k LocalServiceNoNetwork -p -s DPS","0"
"AppleMobileDeviceService.exe","C:\Program Files\Common Files\Apple\Mobile Device Support\AppleMobileDeviceService.exe","2/3/2025 2:27:13 PM","8568","1116","""C:\Program Files\Common Files\Apple\Mobile Device Support\AppleMobileDeviceService.exe""","0"
"FMService64.exe","C:\WINDOWS\System32\FMService64.exe","2/3/2025 2:27:13 PM","8584","1116","C:\WINDOWS\System32\FMService64.exe","0"
"svchost.exe","C:\WINDOWS\System32\svchost.exe","2/3/2025 2:27:13 PM","8536","1116","C:\WINDOWS\System32\svchost.exe -k utcsvc -p","0"
"spoolsv.exe","C:\WINDOWS\System32\spoolsv.exe","2/3/2025 2:27:12 PM","8396","1116","C:\WINDOWS\System32\spoolsv.exe","0"
"svchost.exe","C:\WINDOWS\System32\svchost.exe","2/3/2025 2:27:13 PM","8464","1116","C:\WINDOWS\System32\svchost.exe -k NetworkService -p -s LanmanWorkstation","0"
"ibtsiva.exe","C:\WINDOWS\System32\ibtsiva.exe","2/3/2025 2:27:13 PM","8712","1116","C:\WINDOWS\System32\ibtsiva","0"
"svchost.exe","C:\WINDOWS\system32\svchost.exe","2/3/2025 2:27:13 PM","8604","1116","C:\WINDOWS\system32\svchost.exe -k LocalSystemNetworkRestricted -p -s WwanSvc","0"
"SECOMN64.exe","C:\WINDOWS\System32\DriverStore\FileRepository\seapo64.inf_amd64_deaeb20891c6fa3a\SECOMN64.exe","2/3/2025 2:27:13 PM","8784","1116","C:\WINDOWS\System32\DriverStore\FileRepository\seapo64.inf_amd64_deaeb20891c6fa3a\SECOMN64.exe","0"
"RtkAudUService64.exe","C:\WINDOWS\System32\DriverStore\FileRepository\realtekservice.inf_amd64_a42d9de41f05fa49\RtkAudUService64.exe","2/3/2025 2:27:13 PM","8792","1116","C:\WINDOWS\System32\DriverStore\FileRepository\realtekservice.inf_amd64_a42d9de41f05fa49\RtkAudUService64.exe","0"
"svchost.exe","C:\WINDOWS\System32\svchost.exe","2/3/2025 2:27:13 PM","8804","1116","C:\WINDOWS\System32\svchost.exe -k LocalSystemNetworkRestricted -p -s TrkWks","0"
"RstMwService.exe","C:\WINDOWS\System32\DriverStore\FileRepository\iaahcic.inf_amd64_99f6bd58bfe82726\RstMwService.exe","2/3/2025 2:27:13 PM","8688","1116","C:\WINDOWS\System32\DriverStore\FileRepository\iaahcic.inf_amd64_99f6bd58bfe82726\RstMwService.exe","0"
"OneApp.IGCC.WinService.exe","C:\WINDOWS\System32\DriverStore\FileRepository\igcc_dch.inf_amd64_98ad395a329efc54\OneApp.IGCC.WinService.exe","2/3/2025 2:27:13 PM","8612","1116","C:\WINDOWS\System32\DriverStore\FileRepository\igcc_dch.inf_amd64_98ad395a329efc54\OneApp.IGCC.WinService.exe","0"
"MpDefenderCoreService.exe",,"2/3/2025 2:27:13 PM","8656","1116",,"0"
"svchost.exe","C:\WINDOWS\system32\svchost.exe","2/3/2025 2:27:13 PM","8676","1116","C:\WINDOWS\system32\svchost.exe -k LocalService -p -s SstpSvc","0"
"svchost.exe","C:\WINDOWS\system32\svchost.exe","2/3/2025 2:27:12 PM","8316","1116","C:\WINDOWS\system32\svchost.exe -k LocalSystemNetworkRestricted -p","0"
"svchost.exe",,"2/3/2025 6:42:44 PM","8092","1116",,"0"
"svchost.exe","C:\WINDOWS\system32\svchost.exe","2/3/2025 2:27:08 PM","6224","1116","C:\WINDOWS\system32\svchost.exe -k UnistackSvcGroup -s WpnUserService","1"
"svchost.exe","C:\WINDOWS\system32\svchost.exe","2/3/2025 2:27:09 PM","7332","1116","C:\WINDOWS\system32\svchost.exe -k LocalService -p -s CDPSvc","0"
"svchost.exe","C:\WINDOWS\system32\svchost.exe","2/3/2025 2:27:08 PM","6516","1116","C:\WINDOWS\system32\svchost.exe -k netsvcs -p -s TokenBroker","0"
"HPAudioAnalytics.exe","C:\WINDOWS\System32\DriverStore\FileRepository\hpqkbsoftwarecompnent.inf_amd64_b8c54d887660aa14\HPAudioAnalytics.exe","2/3/2025 2:27:07 PM","6928","1116","C:\WINDOWS\System32\DriverStore\FileRepository\hpqkbsoftwarecompnent.inf_amd64_b8c54d887660aa14\HPAudioAnalytics.exe","0"
"svchost.exe","C:\WINDOWS\system32\svchost.exe","2/3/2025 2:27:03 PM","5800","1116","C:\WINDOWS\system32\svchost.exe -k netsvcs -p -s LanmanServer","0"
"svchost.exe","C:\WINDOWS\system32\svchost.exe","2/3/2025 2:27:08 PM","6336","1116","C:\WINDOWS\system32\svchost.exe -k LocalSystemNetworkRestricted -p -s webthreatdefusersvc","1"
"svchost.exe","C:\WINDOWS\system32\svchost.exe","2/3/2025 2:27:08 PM","3592","1116","C:\WINDOWS\system32\svchost.exe -k UnistackSvcGroup -s CDPUserSvc","1"
"svchost.exe","C:\WINDOWS\system32\svchost.exe","2/3/2025 2:27:12 PM","7652","1116","C:\WINDOWS\system32\svchost.exe -k LocalServiceNetworkRestricted -p -s WinHttpAutoProxySvc","0"
"svchost.exe","C:\WINDOWS\system32\svchost.exe","2/3/2025 6:13:58 PM","16724","1116","C:\WINDOWS\system32\svchost.exe -k LocalSystemNetworkRestricted -p -s SensorService","0"
"svchost.exe","C:\WINDOWS\system32\svchost.exe","2/3/2025 2:27:12 PM","3680","1116","C:\WINDOWS\system32\svchost.exe -k LocalServiceNetworkRestricted -p -s Wcmsvc","0"
"svchost.exe","C:\WINDOWS\System32\svchost.exe","2/3/2025 2:27:12 PM","3128","1116","C:\WINDOWS\System32\svchost.exe -k NetSvcs -p -s iphlpsvc","0"
"svchost.exe","C:\WINDOWS\system32\svchost.exe","2/3/2025 6:42:44 PM","100","1116","C:\WINDOWS\system32\svchost.exe -k netsvcs -p -s wuauserv","0"
"PresentationFontCache.exe","C:\WINDOWS\Microsoft.Net\Framework64\v3.0\WPF\PresentationFontCache.exe","2/3/2025 2:27:11 PM","7816","1116","C:\WINDOWS\Microsoft.Net\Framework64\v3.0\WPF\PresentationFontCache.exe","0"
"svchost.exe","C:\WINDOWS\System32\svchost.exe","2/3/2025 2:27:11 PM","8012","1116","C:\WINDOWS\System32\svchost.exe -k netsvcs -p -s ShellHWDetection","0"
"svchost.exe","C:\WINDOWS\System32\svchost.exe","2/3/2025 6:14:59 PM","18324","1116","C:\WINDOWS\System32\svchost.exe -k LocalSystemNetworkRestricted -p -s DsSvc","0"
"svchost.exe","C:\WINDOWS\System32\svchost.exe","2/3/2025 2:27:24 PM","12584","1116","C:\WINDOWS\System32\svchost.exe -k LocalServiceNetworkRestricted -p -s lmhosts","0"
"svchost.exe","C:\WINDOWS\system32\svchost.exe","2/3/2025 2:27:20 PM","11460","1116","C:\WINDOWS\system32\svchost.exe -k UdkSvcGroup -s UdkUserSvc","1"
"svchost.exe","C:\WINDOWS\System32\svchost.exe","2/3/2025 2:27:25 PM","13208","1116","C:\WINDOWS\System32\svchost.exe -k LocalSystemNetworkRestricted -p","0"
"SearchIndexer.exe","C:\WINDOWS\system32\SearchIndexer.exe","2/3/2025 2:27:25 PM","12700","1116","C:\WINDOWS\system32\SearchIndexer.exe /Embedding","0"
"svchost.exe","C:\WINDOWS\system32\svchost.exe","2/3/2025 2:29:22 PM","4628","1116","C:\WINDOWS\system32\svchost.exe -k InvSvcGroup -p -s InventorySvc","0"
"svchost.exe","C:\WINDOWS\system32\svchost.exe","2/3/2025 2:27:18 PM","10500","1116","C:\WINDOWS\system32\svchost.exe -k LocalSystemNetworkRestricted -p -s PcaSvc","0"
"svchost.exe",,"2/3/2025 2:27:19 PM","11168","1116",,"0"
"svchost.exe","C:\WINDOWS\system32\svchost.exe","2/3/2025 2:29:22 PM","10012","1116","C:\WINDOWS\system32\svchost.exe -k netsvcs -p -s lfsvc","0"
"svchost.exe","C:\WINDOWS\system32\svchost.exe","2/3/2025 2:28:01 PM","14784","1116","C:\WINDOWS\system32\svchost.exe -k WebThreatDefense -p -s webthreatdefsvc","0"
"svchost.exe","C:\WINDOWS\system32\svchost.exe","2/3/2025 2:28:03 PM","15224","1116","C:\WINDOWS\system32\svchost.exe -k LocalServiceAndNoImpersonation -p -s SSDPSRV","0"
"NisSrv.exe",,"2/3/2025 2:27:40 PM","5028","1116",,"0"
"SecurityHealthService.exe",,"2/3/2025 2:28:00 PM","14652","1116",,"0"
"AWCC.Service.exe","C:\Program Files\Alienware\Alienware Command Center\AWCC.Service.exe","2/3/2025 2:29:16 PM","8708","1116","""C:\Program Files\Alienware\Alienware Command Center\AWCC.Service.exe""","0"
"ServiceShell.exe","C:\Program Files (x86)\Dell\UpdateService\ServiceShell.exe","2/3/2025 2:29:16 PM","8008","1116","""C:\Program Files (x86)\Dell\UpdateService\ServiceShell.exe""","0"
"svchost.exe","C:\WINDOWS\System32\svchost.exe","2/3/2025 2:28:40 PM","9528","1116","C:\WINDOWS\System32\svchost.exe -k LocalService -p -s LicenseManager","0"
"svchost.exe","C:\WINDOWS\system32\svchost.exe","2/3/2025 2:29:08 PM","14576","1116","C:\WINDOWS\system32\svchost.exe -k UnistackSvcGroup","1"
"svchost.exe","C:\WINDOWS\system32\svchost.exe","2/3/2025 2:27:18 PM","11260","1116","C:\WINDOWS\system32\svchost.exe -k netsvcs -p -s Appinfo","0"
"svchost.exe","C:\WINDOWS\system32\svchost.exe","2/3/2025 2:27:13 PM","9228","1116","C:\WINDOWS\system32\svchost.exe -k osprivacy -p -s camsvc","0"
"wslservice.exe","C:\Program Files\WSL\wslservice.exe","2/3/2025 2:27:13 PM","9152","1116","""C:\Program Files\WSL\wslservice.exe""","0"
"LanWlanWwanSwitchingServiceUWP.exe","C:\WINDOWS\System32\DriverStore\FileRepository\hpqkbsoftwarecompnent.inf_amd64_b8c54d887660aa14\LanWlanWwanSwitchingServiceUWP.exe","2/3/2025 2:27:13 PM","9396","1116","C:\WINDOWS\System32\DriverStore\FileRepository\hpqkbsoftwarecompnent.inf_amd64_b8c54d887660aa14\LanWlanWwanSwitchingServiceUWP.exe","0"
"svchost.exe","C:\WINDOWS\System32\svchost.exe","2/3/2025 2:27:13 PM","9332","1116","C:\WINDOWS\System32\svchost.exe -k netsvcs","0"
"svchost.exe","C:\WINDOWS\system32\svchost.exe","2/3/2025 2:27:13 PM","8920","1116","C:\WINDOWS\system32\svchost.exe -k netsvcs -p -s WpnService","0"
"MsMpEng.exe",,"2/3/2025 2:27:13 PM","8872","1116",,"0"
"TeraCopyService.exe","C:\Program Files\TeraCopy\TeraCopyService.exe","2/3/2025 2:27:13 PM","9048","1116","""C:\Program Files\TeraCopy\TeraCopyService.exe""","0"
"XtuService.exe","C:\WINDOWS\SysWOW64\XtuService.exe","2/3/2025 2:27:13 PM","8940","1116","C:\WINDOWS\SysWOW64\XtuService.exe","0"
"svchost.exe","C:\WINDOWS\system32\svchost.exe","2/3/2025 2:29:23 PM","1604","1116","C:\WINDOWS\system32\svchost.exe -k netsvcs -p -s UsoSvc","0"
"svchost.exe","C:\WINDOWS\system32\svchost.exe","2/3/2025 2:29:23 PM","7028","1116","C:\WINDOWS\system32\svchost.exe -k LocalService -s W32Time","0"
"svchost.exe","C:\WINDOWS\system32\svchost.exe","2/3/2025 2:27:18 PM","11204","1116","C:\WINDOWS\system32\svchost.exe -k ClipboardSvcGroup -p -s cbdhsvc","1"
"DiagsCap.exe","C:\WINDOWS\System32\DriverStore\FileRepository\hpcustomcapcomp.inf_amd64_a58ce5a91133675e\x64\DiagsCap.exe","2/3/2025 2:27:17 PM","11084","1116","C:\WINDOWS\System32\DriverStore\FileRepository\hpcustomcapcomp.inf_amd64_a58ce5a91133675e\x64\DiagsCap.exe","0"
"esif_uf.exe","C:\WINDOWS\System32\DriverStore\FileRepository\dptf_cpu.inf_amd64_c2c5b0e17a28a48f\esif_uf.exe","2/3/2025 2:27:14 PM","9944","1116","""C:\WINDOWS\System32\DriverStore\FileRepository\dptf_cpu.inf_amd64_c2c5b0e17a28a48f\esif_uf.exe""","0"
"svchost.exe","C:\WINDOWS\System32\svchost.exe","2/3/2025 2:27:13 PM","9480","1116","C:\WINDOWS\System32\svchost.exe -k LocalService -p -s WdiServiceHost","0"
"svchost.exe",,"2/3/2025 2:29:23 PM","1904","1116",,"0"
"svchost.exe","C:\WINDOWS\System32\svchost.exe","2/3/2025 2:31:56 PM","11672","1116","C:\WINDOWS\System32\svchost.exe -k netsvcs -p","0"
"svchost.exe","C:\WINDOWS\system32\svchost.exe","2/3/2025 2:27:01 PM","2408","1116","C:\WINDOWS\system32\svchost.exe -k LocalSystemNetworkRestricted -p -s NgcSvc","0"
"svchost.exe","C:\WINDOWS\system32\svchost.exe","2/3/2025 2:27:01 PM","2388","1116","C:\WINDOWS\system32\svchost.exe -k LocalService -p -s nsi","0"
"svchost.exe","C:\WINDOWS\system32\svchost.exe","2/3/2025 2:27:01 PM","2592","1116","C:\WINDOWS\system32\svchost.exe -k netsvcs -p -s SENS","0"
"IntelCpHeciSvc.exe","C:\WINDOWS\System32\DriverStore\FileRepository\iigd_dch.inf_amd64_393549dac595e659\IntelCpHeciSvc.exe","2/3/2025 2:27:01 PM","2548","1116","C:\WINDOWS\System32\DriverStore\FileRepository\iigd_dch.inf_amd64_393549dac595e659\IntelCpHeciSvc.exe","0"
"svchost.exe","C:\WINDOWS\system32\svchost.exe","2/3/2025 2:27:01 PM","2300","1116","C:\WINDOWS\system32\svchost.exe -k netsvcs -p -s UserManager","0"
"IntelCpHDCPSvc.exe","C:\WINDOWS\System32\DriverStore\FileRepository\iigd_dch.inf_amd64_393549dac595e659\IntelCpHDCPSvc.exe","2/3/2025 2:27:01 PM","2284","1116","C:\WINDOWS\System32\DriverStore\FileRepository\iigd_dch.inf_amd64_393549dac595e659\IntelCpHDCPSvc.exe","0"
"svchost.exe","C:\WINDOWS\system32\svchost.exe","2/3/2025 2:27:01 PM","2360","1116","C:\WINDOWS\system32\svchost.exe -k LocalService -p -s EventSystem","0"
"svchost.exe","C:\WINDOWS\system32\svchost.exe","2/3/2025 2:27:01 PM","2308","1116","C:\WINDOWS\system32\svchost.exe -k LocalSystemNetworkRestricted -p -s DisplayEnhancementService","0"
"svchost.exe","C:\WINDOWS\System32\svchost.exe","2/3/2025 2:27:01 PM","2600","1116","C:\WINDOWS\System32\svchost.exe -k netprofm -p -s netprofm","0"
"svchost.exe","C:\WINDOWS\system32\svchost.exe","2/3/2025 2:27:01 PM","2096","1116","C:\WINDOWS\system32\svchost.exe -k LocalService -p -s DispBrokerDesktopSvc","0"
"svchost.exe","C:\WINDOWS\system32\svchost.exe","2/3/2025 2:27:01 PM","3056","1116","C:\WINDOWS\system32\svchost.exe -k LocalService -p -s PhoneSvc","0"
"vmms.exe","C:\WINDOWS\system32\vmms.exe","2/3/2025 2:27:01 PM","3192","1116","C:\WINDOWS\system32\vmms.exe","0"
"svchost.exe","C:\WINDOWS\system32\svchost.exe","2/3/2025 2:27:01 PM","3160","1116","C:\WINDOWS\system32\svchost.exe -k NetworkService -p","0"
"svchost.exe","C:\WINDOWS\system32\svchost.exe","2/3/2025 2:27:01 PM","2836","1116","C:\WINDOWS\system32\svchost.exe -k LocalSystemNetworkRestricted -p -s DeviceAssociationService","0"
"igfxCUIService.exe","C:\WINDOWS\System32\DriverStore\FileRepository\cui_dch.inf_amd64_ea0f2e956b37b3be\igfxCUIService.exe","2/3/2025 2:27:01 PM","2828","1116","C:\WINDOWS\System32\DriverStore\FileRepository\cui_dch.inf_amd64_ea0f2e956b37b3be\igfxCUIService.exe","0"
"svchost.exe","C:\WINDOWS\system32\svchost.exe","2/3/2025 2:27:01 PM","3004","1116","C:\WINDOWS\system32\svchost.exe -k netsvcs -p -s Winmgmt","0"
"WUDFHost.exe","C:\Windows\System32\WUDFHost.exe","2/3/2025 2:27:01 PM","2984","1116","""C:\Windows\System32\WUDFHost.exe"" -HostGUID:{193a1820-d9ac-4997-8c55-be817523f6aa} -IoEventPortName:\UMDFCommunicationPorts\WUDF\HostProcess-0c3252c8-5569-4520-b82a-1c174562a0e1 -SystemEventPortName:\UMDFCommunicationPorts\WUDF\HostProcess-a29dfd25-433d-4541-9e0b-b9796bccbfd9 -IoCancelEventPortName:\UMDFCommunicationPorts\WUDF\HostProcess-392834bb-53fb-4ed1-ae4e-6e0fe5d6f0f3 -NonStateChangingEventPortName:\UMDFCommunicationPorts\WUDF\HostProcess-58c53526-ad1a-411e-b62c-dede216961b0 -LifetimeId:4b5bf5bb-d839-4f0c-a800-b5ac0da1367a -DeviceGroupId:WpdFsGroup -HostArg:0","0"
"WUDFHost.exe","C:\Windows\System32\WUDFHost.exe","2/3/2025 2:27:00 PM","1616","1116","""C:\Windows\System32\WUDFHost.exe"" -HostGUID:{193a1820-d9ac-4997-8c55-be817523f6aa} -IoEventPortName:\UMDFCommunicationPorts\WUDF\HostProcess-5e86b46d-83ca-49fd-b4b8-a7f969ea0db4 -SystemEventPortName:\UMDFCommunicationPorts\WUDF\HostProcess-cf8649bf-fe3c-4af7-91b7-44b9b86e1759 -IoCancelEventPortName:\UMDFCommunicationPorts\WUDF\HostProcess-3c8f5fd5-cb7d-4317-9bc4-3406b3e77c1a -NonStateChangingEventPortName:\UMDFCommunicationPorts\WUDF\HostProcess-4ad97940-42ec-491e-8109-9aa849efb3cb -LifetimeId:b6f8cafc-d4c7-4998-bff7-cef4df688416 -DeviceGroupId:WudfDefaultDevicePool -HostArg:0","0"
"svchost.exe","C:\WINDOWS\System32\svchost.exe","2/3/2025 6:45:42 PM","9912","1116","C:\WINDOWS\System32\svchost.exe -k LocalSystemNetworkRestricted -p -s WdiSystemHost","0"
"svchost.exe","C:\WINDOWS\system32\svchost.exe","2/3/2025 2:27:01 PM","1844","1116","C:\WINDOWS\system32\svchost.exe -k LocalSystemNetworkRestricted -p -s HvHost","0"
"msiexec.exe","C:\WINDOWS\system32\msiexec.exe","2/3/2025 6:45:41 PM","17872","1116","C:\WINDOWS\system32\msiexec.exe /V","0"
"WUDFHost.exe","C:\Windows\System32\WUDFHost.exe","2/3/2025 2:27:00 PM","1324","1116","""C:\Windows\System32\WUDFHost.exe"" -HostGUID:{193a1820-d9ac-4997-8c55-be817523f6aa} -IoEventPortName:\UMDFCommunicationPorts\WUDF\HostProcess-dbce3145-251c-4db4-a8e1-4d2990a7b2a7 -SystemEventPortName:\UMDFCommunicationPorts\WUDF\HostProcess-ef54d615-1850-45a1-99f5-fe41a97e1ddf -IoCancelEventPortName:\UMDFCommunicationPorts\WUDF\HostProcess-98f627bd-acf3-4016-8357-13c0f244b48d -NonStateChangingEventPortName:\UMDFCommunicationPorts\WUDF\HostProcess-b1cf5db3-f4b2-4e53-aabd-787c71c13520 -LifetimeId:b77fabbd-56c7-488f-9124-b99f849c7a78 -DeviceGroupId: -HostArg:0","0"
"svchost.exe","C:\WINDOWS\system32\svchost.exe","2/3/2025 2:27:00 PM","1268","1116","C:\WINDOWS\system32\svchost.exe -k DcomLaunch -p","0"
"svchost.exe","C:\WINDOWS\system32\svchost.exe","2/3/2025 2:27:00 PM","1504","1116","C:\WINDOWS\system32\svchost.exe -k DcomLaunch -p -s LSM","0"
"svchost.exe","C:\WINDOWS\system32\svchost.exe","2/3/2025 2:27:00 PM","1452","1116","C:\WINDOWS\system32\svchost.exe -k RPCSS -p","0"
"svchost.exe","C:\WINDOWS\System32\svchost.exe","2/3/2025 2:27:01 PM","1872","1116","C:\WINDOWS\System32\svchost.exe -k netsvcs -p -s BDESVC","0"
"svchost.exe","C:\WINDOWS\System32\svchost.exe","2/3/2025 2:27:01 PM","2088","1116","C:\WINDOWS\System32\svchost.exe -k LocalSystemNetworkRestricted -p -s NcbService","0"
"svchost.exe","C:\WINDOWS\system32\svchost.exe","2/3/2025 2:27:01 PM","2068","1116","C:\WINDOWS\system32\svchost.exe -k netsvcs -p -s Schedule","0"
"svchost.exe","C:\WINDOWS\system32\svchost.exe","2/3/2025 2:27:01 PM","2108","1116","C:\WINDOWS\system32\svchost.exe -k UserProfileService -p -s ProfSvc","0"
"svchost.exe","C:\WINDOWS\system32\svchost.exe","2/3/2025 2:27:01 PM","2100","1116","C:\WINDOWS\system32\svchost.exe -k LocalServiceNetworkRestricted -p -s TimeBrokerSvc","0"
"svchost.exe","C:\WINDOWS\system32\svchost.exe","2/3/2025 2:27:01 PM","628","1116","C:\WINDOWS\system32\svchost.exe -k LocalServiceNetworkRestricted -s BTAGService","0"
"svchost.exe","C:\WINDOWS\system32\svchost.exe","2/3/2025 2:27:01 PM","1948","1116","C:\WINDOWS\system32\svchost.exe -k LocalServiceNoNetwork -p","0"
"svchost.exe","C:\WINDOWS\system32\svchost.exe","2/3/2025 2:27:01 PM","640","1116","C:\WINDOWS\system32\svchost.exe -k LocalService -p -s bthserv","0"
"svchost.exe","C:\WINDOWS\system32\svchost.exe","2/3/2025 2:27:01 PM","1208","1116","C:\WINDOWS\system32\svchost.exe -k LocalService -p -s BthAvctpSvc","0"
"vmcompute.exe","C:\WINDOWS\system32\vmcompute.exe","2/3/2025 2:27:02 PM","4428","1116","C:\WINDOWS\system32\vmcompute.exe","0"
"svchost.exe","C:\WINDOWS\System32\svchost.exe","2/3/2025 6:45:30 PM","14712","1116","C:\WINDOWS\System32\svchost.exe -k smphost","0"
"svchost.exe","C:\WINDOWS\System32\svchost.exe","2/3/2025 6:45:27 PM","8928","1116","C:\WINDOWS\System32\svchost.exe -k netsvcs -p -s NetSetupSvc","0"
"svchost.exe","C:\WINDOWS\system32\svchost.exe","2/3/2025 2:27:02 PM","4360","1116","C:\WINDOWS\system32\svchost.exe -k appmodel -p -s StateRepository","0"
"svchost.exe","C:\WINDOWS\system32\svchost.exe","2/3/2025 2:27:02 PM","4108","1116","C:\WINDOWS\system32\svchost.exe -k NetworkService -p","0"
"svchost.exe","C:\WINDOWS\System32\svchost.exe","2/3/2025 2:27:02 PM","4132","1116","C:\WINDOWS\System32\svchost.exe -k LocalServiceNetworkRestricted -p","0"
"svchost.exe","C:\WINDOWS\System32\svchost.exe","2/3/2025 2:27:02 PM","4248","1116","C:\WINDOWS\System32\svchost.exe -k netsvcs -p -s SharedAccess","0"
"svchost.exe","C:\WINDOWS\System32\svchost.exe","2/3/2025 2:27:02 PM","5060","1116","C:\WINDOWS\System32\svchost.exe -k LocalServiceNetworkRestricted -s RmSvc","0"
"svchost.exe",,"2/3/2025 2:27:03 PM","5688","1116",,"0"
"svchost.exe","C:\WINDOWS\system32\svchost.exe","2/3/2025 2:27:03 PM","5728","1116","C:\WINDOWS\system32\svchost.exe -k LocalServiceNetworkRestricted -p -s Dhcp","0"
"svchost.exe","C:\WINDOWS\System32\svchost.exe","2/3/2025 2:27:03 PM","5776","1116","C:\WINDOWS\System32\svchost.exe -k LocalServiceNetworkRestricted -p -s DusmSvc","0"
"svchost.exe","C:\WINDOWS\System32\svchost.exe","2/3/2025 2:27:03 PM","5552","1116","C:\WINDOWS\System32\svchost.exe -k LocalSystemNetworkRestricted -p -s TextInputManagementService","0"
"svchost.exe","C:\WINDOWS\system32\svchost.exe","2/3/2025 2:27:03 PM","5432","1116","C:\WINDOWS\system32\svchost.exe -k LocalServiceNetworkRestricted -p -s NgcCtnrSvc","0"
"HotKeyServiceUWP.exe","C:\WINDOWS\System32\DriverStore\FileRepository\hpqkbsoftwarecompnent.inf_amd64_b8c54d887660aa14\HotKeyServiceUWP.exe","2/3/2025 2:27:03 PM","5484","1116","C:\WINDOWS\System32\DriverStore\FileRepository\hpqkbsoftwarecompnent.inf_amd64_b8c54d887660aa14\HotKeyServiceUWP.exe","0"
"TrustedInstaller.exe","C:\WINDOWS\servicing\TrustedInstaller.exe","2/3/2025 6:45:25 PM","16352","1116","C:\WINDOWS\servicing\TrustedInstaller.exe","0"
"svchost.exe","C:\WINDOWS\System32\svchost.exe","2/3/2025 2:27:01 PM","3688","1116","C:\WINDOWS\System32\svchost.exe -k netsvcs -p -s Themes","0"
"svchost.exe","C:\WINDOWS\system32\svchost.exe","2/3/2025 2:27:01 PM","3624","1116","C:\WINDOWS\system32\svchost.exe -k LocalServiceNoNetworkFirewall -p","0"
"svchost.exe","C:\WINDOWS\system32\svchost.exe","2/3/2025 2:27:01 PM","3376","1116","C:\WINDOWS\system32\svchost.exe -k NetSvcs -p -s HNS","0"
"svchost.exe","C:\WINDOWS\system32\svchost.exe","2/3/2025 2:27:01 PM","3696","1116","C:\WINDOWS\system32\svchost.exe -k LocalSystemNetworkRestricted -p -s SysMain","0"
"svchost.exe","C:\WINDOWS\system32\svchost.exe","2/3/2025 2:27:01 PM","3516","1116","C:\WINDOWS\system32\svchost.exe -k NetSvcs -s nvagent","0"
"SynTPEnhService.exe","C:\WINDOWS\System32\SynTPEnhService.exe","2/3/2025 2:27:01 PM","3400","1116","C:\WINDOWS\System32\SynTPEnhService.exe","0"
"svchost.exe","C:\WINDOWS\System32\svchost.exe","2/3/2025 2:27:01 PM","3616","1116","C:\WINDOWS\System32\svchost.exe -k LocalServiceNetworkRestricted -p -s EventLog","0"
"NVDisplay.Container.exe","C:\WINDOWS\System32\DriverStore\FileRepository\nvbl.inf_amd64_40a1fdce5d23d247\Display.NvContainer\NVDisplay.Container.exe","2/3/2025 2:27:01 PM","3528","1116","C:\WINDOWS\System32\DriverStore\FileRepository\nvbl.inf_amd64_40a1fdce5d23d247\Display.NvContainer\NVDisplay.Container.exe -s NVDisplay.ContainerLocalSystem -f C:\ProgramData\NVIDIA\NVDisplay.ContainerLocalSystem.log -l 3 -d C:\WINDOWS\System32\DriverStore\FileRepository\nvbl.inf_amd64_40a1fdce5d23d247\Display.NvContainer\plugins\LocalSystem -r -p 30000 -cfg NVDisplay.ContainerLocalSystem\LocalSystem /ert","0"
"svchost.exe","C:\WINDOWS\system32\svchost.exe","2/3/2025 2:27:01 PM","3792","1116","C:\WINDOWS\system32\svchost.exe -k LocalService -p -s FontCache","0"
"SysInfoCap.exe","C:\WINDOWS\System32\DriverStore\FileRepository\hpcustomcapcomp.inf_amd64_a58ce5a91133675e\x64\SysInfoCap.exe","2/3/2025 2:27:01 PM","3848","1116","C:\WINDOWS\System32\DriverStore\FileRepository\hpcustomcapcomp.inf_amd64_a58ce5a91133675e\x64\SysInfoCap.exe","0"
"TouchpointAnalyticsClientService.exe","C:\WINDOWS\System32\DriverStore\FileRepository\hpanalyticscomp.inf_amd64_273967626e857c15\x64\TouchpointAnalyticsClientService.exe","2/3/2025 2:27:01 PM","3840","1116","C:\WINDOWS\System32\DriverStore\FileRepository\hpanalyticscomp.inf_amd64_273967626e857c15\x64\TouchpointAnalyticsClientService.exe","0"
"AppHelperCap.exe","C:\WINDOWS\System32\DriverStore\FileRepository\hpcustomcapcomp.inf_amd64_a58ce5a91133675e\x64\AppHelperCap.exe","2/3/2025 2:27:01 PM","3804","1116","C:\WINDOWS\System32\DriverStore\FileRepository\hpcustomcapcomp.inf_amd64_a58ce5a91133675e\x64\AppHelperCap.exe","0"
"NetworkCap.exe","C:\WINDOWS\System32\DriverStore\FileRepository\hpcustomcapcomp.inf_amd64_a58ce5a91133675e\x64\NetworkCap.exe","2/3/2025 2:27:01 PM","3868","1116","C:\WINDOWS\System32\DriverStore\FileRepository\hpcustomcapcomp.inf_amd64_a58ce5a91133675e\x64\NetworkCap.exe","0"
"svchost.exe","C:\WINDOWS\System32\svchost.exe","2/3/2025 2:27:01 PM","3772","1116","C:\WINDOWS\System32\svchost.exe -k LocalSystemNetworkRestricted -p -s AudioEndpointBuilder","0"
"secd.exe","C:\Program Files (x86)\Common Files\Apple\Apple Application Support\secd.exe","2/3/2025 2:28:37 PM","13628","1268","C:\Program Files (x86)\Common Files\Apple\Apple Application Support\secd.exe -Embedding","1"
"TiWorker.exe","C:\WINDOWS\winsxs\amd64_microsoft-windows-servicingstack_31bf3856ad364e35_10.0.26100.2890_none_a4ff055977698901\TiWorker.exe","2/3/2025 6:45:25 PM","2976","1268","C:\WINDOWS\winsxs\amd64_microsoft-windows-servicingstack_31bf3856ad364e35_10.0.26100.2890_none_a4ff055977698901\TiWorker.exe -Embedding","0"
"APSDaemon.exe","C:\Program Files (x86)\Common Files\Apple\Apple Application Support\APSDaemon.exe","2/3/2025 2:28:33 PM","6488","1268","""C:\Program Files (x86)\Common Files\Apple\Apple Application Support\APSDaemon.exe"" -Embedding","1"
"FileCoAuth.exe","C:\Users\mikes\AppData\Local\Microsoft\OneDrive\25.004.0109.0002\FileCoAuth.exe","2/3/2025 2:28:18 PM","14412","1268","""C:\Users\mikes\AppData\Local\Microsoft\OneDrive\25.004.0109.0002\FileCoAuth.exe"" -Embedding","1"
"smartscreen.exe","C:\Windows\System32\smartscreen.exe","2/3/2025 6:42:47 PM","18292","1268","C:\Windows\System32\smartscreen.exe -Embedding","1"
"WmiPrvSE.exe","C:\WINDOWS\sysWOW64\wbem\wmiprvse.exe","2/3/2025 6:45:24 PM","7596","1268","C:\WINDOWS\sysWOW64\wbem\wmiprvse.exe -Embedding","0"
"WmiPrvSE.exe","C:\WINDOWS\system32\wbem\wmiprvse.exe","2/3/2025 6:45:27 PM","13872","1268","C:\WINDOWS\system32\wbem\wmiprvse.exe","0"
"WidgetService.exe","C:\Program Files\WindowsApps\Microsoft.WidgetsPlatformRuntime_1.6.1.0_x64__8wekyb3d8bbwe\WidgetService\WidgetService.exe","2/3/2025 2:29:20 PM","9000","1268","""C:\Program Files\WindowsApps\Microsoft.WidgetsPlatformRuntime_1.6.1.0_x64__8wekyb3d8bbwe\WidgetService\WidgetService.exe"" -RegisterProcessAsComServer -Embedding","1"
"RuntimeBroker.exe","C:\Windows\System32\RuntimeBroker.exe","2/3/2025 2:29:21 PM","15040","1268","C:\Windows\System32\RuntimeBroker.exe -Embedding","1"
"AWCC.exe","C:\Program Files\WindowsApps\DellInc.AlienwareCommandCenter_5.9.2.0_x64__htrsf667h5kn2\AWCC.exe","2/3/2025 2:29:19 PM","14060","1268","""C:\Program Files\WindowsApps\DellInc.AlienwareCommandCenter_5.9.2.0_x64__htrsf667h5kn2\AWCC.exe"" -ServerName:App.AppX01zgmskrffyn8fc2fq3d6dgpb5zwzr1h.mca","1"
"ShellExperienceHost.exe","C:\Windows\SystemApps\ShellExperienceHost_cw5n1h2txyewy\ShellExperienceHost.exe","2/3/2025 4:27:27 PM","7424","1268","""C:\Windows\SystemApps\ShellExperienceHost_cw5n1h2txyewy\ShellExperienceHost.exe"" -ServerName:App.AppXtk181tbxbce2qsex02s8tw7hfxa9xb3t.mca","1"
"RuntimeBroker.exe","C:\Windows\System32\RuntimeBroker.exe","2/3/2025 4:27:27 PM","4180","1268","C:\Windows\System32\RuntimeBroker.exe -Embedding","1"
"ApplicationFrameHost.exe","C:\WINDOWS\system32\ApplicationFrameHost.exe","2/3/2025 2:29:19 PM","8764","1268","C:\WINDOWS\system32\ApplicationFrameHost.exe -Embedding","1"
"RuntimeBroker.exe","C:\Windows\System32\RuntimeBroker.exe","2/3/2025 2:27:42 PM","12060","1268","C:\Windows\System32\RuntimeBroker.exe -Embedding","1"
"dllhost.exe","C:\WINDOWS\system32\DllHost.exe","2/3/2025 2:27:22 PM","12080","1268","C:\WINDOWS\system32\DllHost.exe /Processid:{973D20D7-562D-44B9-B70B-5A0F49CCDF3F}","1"
"RuntimeBroker.exe","C:\Windows\System32\RuntimeBroker.exe","2/3/2025 2:27:20 PM","11560","1268","C:\Windows\System32\RuntimeBroker.exe -Embedding","1"
"Widgets.exe","C:\Program Files\WindowsApps\MicrosoftWindows.Client.WebExperience_524.34401.20.0_x64__cw5n1h2txyewy\Dashboard\Widgets.exe","2/3/2025 2:27:19 PM","10632","1268","""C:\Program Files\WindowsApps\MicrosoftWindows.Client.WebExperience_524.34401.20.0_x64__cw5n1h2txyewy\Dashboard\Widgets.exe"" -ServerName:Microsoft.Windows.DashboardServer","1"
"WmiPrvSE.exe","C:\WINDOWS\system32\wbem\wmiprvse.exe","2/3/2025 2:27:02 PM","4756","1268","C:\WINDOWS\system32\wbem\wmiprvse.exe","0"
"TextInputHost.exe","C:\Windows\SystemApps\MicrosoftWindows.Client.CBS_cw5n1h2txyewy\TextInputHost.exe","2/3/2025 2:27:29 PM","12852","1268","""C:\Windows\SystemApps\MicrosoftWindows.Client.CBS_cw5n1h2txyewy\TextInputHost.exe"" -ServerName:InputApp.AppXk0k6mrh4r2q0ct33a9wgbez0x7v9cz5y.mca","1"
"WmiPrvSE.exe","C:\WINDOWS\system32\wbem\wmiprvse.exe","2/3/2025 2:27:02 PM","4824","1268","C:\WINDOWS\system32\wbem\wmiprvse.exe","0"
"SearchHost.exe","C:\Windows\SystemApps\MicrosoftWindows.Client.CBS_cw5n1h2txyewy\SearchHost.exe","2/3/2025 2:27:19 PM","5716","1268","""C:\Windows\SystemApps\MicrosoftWindows.Client.CBS_cw5n1h2txyewy\SearchHost.exe"" -ServerName:CortanaUI.AppXstmwaab17q5s3y22tp6apqz7a45vwv65.mca","1"
"WmiPrvSE.exe","C:\WINDOWS\system32\wbem\wmiprvse.exe","2/3/2025 6:46:08 PM","1400","1268","C:\WINDOWS\system32\wbem\wmiprvse.exe","0"
"RuntimeBroker.exe","C:\Windows\System32\RuntimeBroker.exe","2/3/2025 2:27:20 PM","11432","1268","C:\Windows\System32\RuntimeBroker.exe -Embedding","1"
"unsecapp.exe","C:\WINDOWS\system32\wbem\unsecapp.exe","2/3/2025 2:27:02 PM","4992","1268","C:\WINDOWS\system32\wbem\unsecapp.exe -Embedding","0"
"StartMenuExperienceHost.exe","C:\Windows\SystemApps\Microsoft.Windows.StartMenuExperienceHost_cw5n1h2txyewy\StartMenuExperienceHost.exe","2/3/2025 2:27:19 PM","2380","1268","""C:\Windows\SystemApps\Microsoft.Windows.StartMenuExperienceHost_cw5n1h2txyewy\StartMenuExperienceHost.exe"" -ServerName:App.AppXywbrabmsek0gm3tkwpr5kwzbs55tkqay.mca","1"
"Code.exe","C:\Program Files\Microsoft VS Code\Code.exe","2/3/2025 2:28:10 PM","4048","1276","""C:\Program Files\Microsoft VS Code\Code.exe"" c:\Users\mikes\.vscode\extensions\kamikillerto.vscode-colorize-0.16.0\server\out\server.js --node-ipc --clientProcessId=1276","1"
"Code.exe","C:\Program Files\Microsoft VS Code\Code.exe","2/3/2025 2:28:07 PM","6936","1276","""C:\Program Files\Microsoft VS Code\Code.exe"" c:\Users\mikes\.vscode\extensions\formulahendry.auto-rename-tag-0.1.10\packages\server\dist\serverMain.js --node-ipc --clientProcessId=1276","1"
"Code.exe","C:\Program Files\Microsoft VS Code\Code.exe","2/3/2025 4:05:25 PM","3548","1276","""C:\Program Files\Microsoft VS Code\Code.exe"" ""c:\Program Files\Microsoft VS Code\resources\app\extensions\html-language-features\server\dist\node\htmlServerMain"" --node-ipc --clientProcessId=1276","1"
"Code.exe","C:\Program Files\Microsoft VS Code\Code.exe","2/3/2025 5:34:53 PM","7200","1276","""C:\Program Files\Microsoft VS Code\Code.exe"" ""c:\Program Files\Microsoft VS Code\resources\app\extensions\css-language-features\server\dist\node\cssServerMain"" --node-ipc --clientProcessId=1276","1"
"dwm.exe","C:\WINDOWS\system32\dwm.exe","2/3/2025 2:27:00 PM","1684","1388","""dwm.exe""","1"
"fontdrvhost.exe","C:\WINDOWS\system32\fontdrvhost.exe","2/3/2025 2:27:00 PM","1552","1388","""fontdrvhost.exe""","1"
"taskhostw.exe","C:\WINDOWS\system32\taskhostw.exe","2/3/2025 2:27:08 PM","3292","2068","taskhostw.exe {222A245B-E637-4AE9-A93F-A59CA119A75E}","1"
"PowerToys.exe","C:\Program Files\PowerToys\PowerToys.exe","2/3/2025 2:27:12 PM","7040","2068","""C:\Program Files\PowerToys\PowerToys.exe""","1"
"sihost.exe","C:\WINDOWS\system32\sihost.exe","2/3/2025 2:27:08 PM","6172","2300","sihost.exe","1"
"msedgewebview2.exe","C:\Program Files (x86)\Microsoft\EdgeWebView\Application\132.0.2957.127\msedgewebview2.exe","2/3/2025 2:29:21 PM","4088","2672","""C:\Program Files (x86)\Microsoft\EdgeWebView\Application\132.0.2957.127\msedgewebview2.exe"" --type=gpu-process --string-annotations --noerrdialogs --user-data-dir=""C:\Users\mikes\AppData\Local\Packages\MicrosoftWindows.Client.WebExperience_cw5n1h2txyewy\LocalState\EBWebView"" --webview-exe-name=Widgets.exe --webview-exe-version=524.34401.20.0 --embedded-browser-webview=1 --gpu-preferences=UAAAAAAAAADgAAAEAAAAAAAAAAAAAAAAAABgAAEAAAAAAAAAAAAAAAAAAAACAAAAAAAAAAAAAAAAAAAAAAAAABAAAAAAAAAAEAAAAAAAAAAIAAAAAAAAAAgAAAAAAAAA --always-read-main-dll --field-trial-handle=1624,i,2700296011023199641,13548124381942457632,262144 --variations-seed-version --mojo-platform-channel-handle=1804 /prefetch:2 /pfhostedapp:d92bf0af1f81342e9881e12b2e08b8198dc4268e","1"
"msedgewebview2.exe","C:\Program Files (x86)\Microsoft\EdgeWebView\Application\132.0.2957.127\msedgewebview2.exe","2/3/2025 2:29:21 PM","2612","2672","""C:\Program Files (x86)\Microsoft\EdgeWebView\Application\132.0.2957.127\msedgewebview2.exe"" --type=crashpad-handler --user-data-dir=C:\Users\mikes\AppData\Local\Packages\MicrosoftWindows.Client.WebExperience_cw5n1h2txyewy\LocalState\EBWebView /prefetch:4 /pfhostedapp:d92bf0af1f81342e9881e12b2e08b8198dc4268e --monitor-self-annotation=ptype=crashpad-handler --database=C:\Users\mikes\AppData\Local\Packages\MicrosoftWindows.Client.WebExperience_cw5n1h2txyewy\LocalState\EBWebView\Crashpad --annotation=IsOfficialBuild=1 --annotation=channel= --annotation=chromium-version=132.0.6834.111 ""--annotation=exe=C:\Program Files (x86)\Microsoft\EdgeWebView\Application\132.0.2957.127\msedgewebview2.exe"" --annotation=plat=Win64 ""--annotation=prod=Edge WebView2"" --annotation=ver=132.0.2957.127 --initial-client-data=0x18c,0x190,0x194,0x168,0x19c,0x7ff84b59b078,0x7ff84b59b084,0x7ff84b59b090","1"
"msedgewebview2.exe","C:\Program Files (x86)\Microsoft\EdgeWebView\Application\132.0.2957.127\msedgewebview2.exe","2/3/2025 2:29:21 PM","3140","2672","""C:\Program Files (x86)\Microsoft\EdgeWebView\Application\132.0.2957.127\msedgewebview2.exe"" --type=utility --utility-sub-type=network.mojom.NetworkService --lang=en-US --service-sandbox-type=none --string-annotations --noerrdialogs --user-data-dir=""C:\Users\mikes\AppData\Local\Packages\MicrosoftWindows.Client.WebExperience_cw5n1h2txyewy\LocalState\EBWebView"" --webview-exe-name=Widgets.exe --webview-exe-version=524.34401.20.0 --embedded-browser-webview=1 --always-read-main-dll --field-trial-handle=2080,i,2700296011023199641,13548124381942457632,262144 --variations-seed-version --mojo-platform-channel-handle=2096 /prefetch:11 /pfhostedapp:d92bf0af1f81342e9881e12b2e08b8198dc4268e","1"
"msedgewebview2.exe","C:\Program Files (x86)\Microsoft\EdgeWebView\Application\132.0.2957.127\msedgewebview2.exe","2/3/2025 2:29:22 PM","4328","2672","""C:\Program Files (x86)\Microsoft\EdgeWebView\Application\132.0.2957.127\msedgewebview2.exe"" --type=renderer --string-annotations --noerrdialogs --user-data-dir=""C:\Users\mikes\AppData\Local\Packages\MicrosoftWindows.Client.WebExperience_cw5n1h2txyewy\LocalState\EBWebView"" --webview-exe-name=Widgets.exe --webview-exe-version=524.34401.20.0 --embedded-browser-webview=1 --video-capture-use-gpu-memory-buffer --lang=en-US --device-scale-factor=1 --num-raster-threads=4 --enable-main-frame-before-activation --renderer-client-id=5 --js-flags=""--harmony-weak-refs-with-cleanup-some --expose-gc --ms-user-locale="" --time-ticks-at-unix-epoch=-1738610807899033 --launch-time-ticks=154245796 --always-read-main-dll --field-trial-handle=3652,i,2700296011023199641,13548124381942457632,262144 --variations-seed-version --mojo-platform-channel-handle=3644 /pfhostedapp:d92bf0af1f81342e9881e12b2e08b8198dc4268e /prefetch:1","1"
"msedgewebview2.exe","C:\Program Files (x86)\Microsoft\EdgeWebView\Application\132.0.2957.127\msedgewebview2.exe","2/3/2025 2:29:22 PM","3344","2672","""C:\Program Files (x86)\Microsoft\EdgeWebView\Application\132.0.2957.127\msedgewebview2.exe"" --type=utility --utility-sub-type=storage.mojom.StorageService --lang=en-US --service-sandbox-type=service --string-annotations --noerrdialogs --user-data-dir=""C:\Users\mikes\AppData\Local\Packages\MicrosoftWindows.Client.WebExperience_cw5n1h2txyewy\LocalState\EBWebView"" --webview-exe-name=Widgets.exe --webview-exe-version=524.34401.20.0 --embedded-browser-webview=1 --always-read-main-dll --field-trial-handle=2364,i,2700296011023199641,13548124381942457632,262144 --variations-seed-version --mojo-platform-channel-handle=2372 /prefetch:13 /pfhostedapp:d92bf0af1f81342e9881e12b2e08b8198dc4268e","1"
"igfxEM.exe","C:\WINDOWS\System32\DriverStore\FileRepository\cui_dch.inf_amd64_ea0f2e956b37b3be\igfxEM.exe","2/3/2025 2:27:11 PM","8080","2828","""C:\WINDOWS\System32\DriverStore\FileRepository\cui_dch.inf_amd64_ea0f2e956b37b3be\igfxEM.exe""","1"
"SynTPEnh.exe","C:\WINDOWS\System32\SynTPEnh.exe","2/3/2025 2:27:06 PM","6732","3400","""C:\WINDOWS\System32\SynTPEnh.exe""","1"
"NVDisplay.Container.exe","C:\WINDOWS\System32\DriverStore\FileRepository\nvbl.inf_amd64_40a1fdce5d23d247\Display.NvContainer\NVDisplay.Container.exe","2/3/2025 2:27:02 PM","4768","3528","""C:\WINDOWS\System32\DriverStore\FileRepository\nvbl.inf_amd64_40a1fdce5d23d247\Display.NvContainer\NVDisplay.Container.exe"" -f %ProgramData%\NVIDIA\DisplaySessionContainer%d.log -d C:\WINDOWS\System32\DriverStore\FileRepository\nvbl.inf_amd64_40a1fdce5d23d247\Display.NvContainer\plugins\Session -r -l 3 -p 30000 -cfg NVDisplay.ContainerLocalSystem\Session /ert -c","1"
"BridgeCommunication.exe","C:\WINDOWS\System32\DriverStore\FileRepository\hpcustomcapcomp.inf_amd64_a58ce5a91133675e\x64\BridgeCommunication.exe","2/3/2025 2:27:16 PM","10636","3848","""C:\WINDOWS\System32\DriverStore\FileRepository\hpcustomcapcomp.inf_amd64_a58ce5a91133675e\x64\BridgeCommunication.exe"" 5d96921a-a0ec-4712-ba94-28174f500905 Global\63da8aee-a2a9-4bca-b5ba-2c8139ce84fe 1840","1"
"Microsoft.SharePoint.exe","C:\Users\mikes\AppData\Local\Microsoft\OneDrive\25.004.0109.0002\Microsoft.SharePoint.exe","2/3/2025 4:11:34 PM","4504","4528","""C:\Users\mikes\AppData\Local\Microsoft\OneDrive\25.004.0109.0002\Microsoft.SharePoint.exe"" /silentConfig","1"
"NgcIso.exe",,"2/3/2025 2:27:03 PM","5532","5432",,"0"
"ctfmon.exe","C:\WINDOWS\system32\ctfmon.exe","2/3/2025 2:27:34 PM","13832","5552","/QuitInfo:0000000000000274;0000000000000278; ","1"
"Code.exe","C:\Program Files\Microsoft VS Code\Code.exe","2/3/2025 2:27:49 PM","8988","5844","""C:\Program Files\Microsoft VS Code\Code.exe"" --type=utility --utility-sub-type=node.mojom.NodeService --lang=en-US --service-sandbox-type=none --video-capture-use-gpu-memory-buffer --user-data-dir=""C:\Users\mikes\AppData\Roaming\Code"" --standard-schemes=vscode-webview,vscode-file --enable-sandbox --secure-schemes=vscode-webview,vscode-file --cors-schemes=vscode-webview,vscode-file --fetch-schemes=vscode-webview,vscode-file --service-worker-schemes=vscode-webview --code-cache-schemes=vscode-webview,vscode-file --field-trial-handle=3568,i,13267974462664726494,16833304380308122406,262144 --disable-features=CalculateNativeWinOcclusion,PlzDedicatedWorker,SpareRendererForSitePerProcess,WinDelaySpellcheckServiceInit,WinRetrieveSuggestionsOnlyOnDemand --variations-seed-version --mojo-platform-channel-handle=3488 /prefetch:14","1"
"Code.exe","C:\Program Files\Microsoft VS Code\Code.exe","2/3/2025 2:27:47 PM","1892","5844","""C:\Program Files\Microsoft VS Code\Code.exe"" --type=gpu-process --user-data-dir=""C:\Users\mikes\AppData\Roaming\Code"" --gpu-preferences=UAAAAAAAAADgAAAMAAAAAAAAAAAAAAAAAABgAAEAAAAAAAAABAAAAAAAAAAAAAAAAAAAAAAAAAAAAAAAAAAAABAAAAAAAAAAEAAAAAAAAAAIAAAAAAAAAAgAAAAAAAAA --field-trial-handle=1780,i,13267974462664726494,16833304380308122406,262144 --disable-features=CalculateNativeWinOcclusion,PlzDedicatedWorker,SpareRendererForSitePerProcess,WinDelaySpellcheckServiceInit,WinRetrieveSuggestionsOnlyOnDemand --variations-seed-version --mojo-platform-channel-handle=1772 /prefetch:2","1"
"Code.exe","C:\Program Files\Microsoft VS Code\Code.exe","2/3/2025 2:27:47 PM","5760","5844","""C:\Program Files\Microsoft VS Code\Code.exe"" --type=utility --utility-sub-type=network.mojom.NetworkService --lang=en-US --service-sandbox-type=none --user-data-dir=""C:\Users\mikes\AppData\Roaming\Code"" --standard-schemes=vscode-webview,vscode-file --enable-sandbox --secure-schemes=vscode-webview,vscode-file --cors-schemes=vscode-webview,vscode-file --fetch-schemes=vscode-webview,vscode-file --service-worker-schemes=vscode-webview --code-cache-schemes=vscode-webview,vscode-file --field-trial-handle=1984,i,13267974462664726494,16833304380308122406,262144 --disable-features=CalculateNativeWinOcclusion,PlzDedicatedWorker,SpareRendererForSitePerProcess,WinDelaySpellcheckServiceInit,WinRetrieveSuggestionsOnlyOnDemand --variations-seed-version --mojo-platform-channel-handle=1864 /prefetch:11","1"
"Code.exe","C:\Program Files\Microsoft VS Code\Code.exe","2/3/2025 2:27:47 PM","12972","5844","""C:\Program Files\Microsoft VS Code\Code.exe"" --type=renderer --user-data-dir=""C:\Users\mikes\AppData\Roaming\Code"" --standard-schemes=vscode-webview,vscode-file --enable-sandbox --secure-schemes=vscode-webview,vscode-file --cors-schemes=vscode-webview,vscode-file --fetch-schemes=vscode-webview,vscode-file --service-worker-schemes=vscode-webview --code-cache-schemes=vscode-webview,vscode-file --app-user-model-id=Microsoft.VisualStudioCode --app-path=""C:\Program Files\Microsoft VS Code\resources\app"" --enable-sandbox --enable-blink-features=HighlightAPI --disable-blink-features=FontMatchingCTMigration,StandardizedBrowserZoom, --video-capture-use-gpu-memory-buffer --lang=en-US --device-scale-factor=1 --num-raster-threads=4 --enable-main-frame-before-activation --renderer-client-id=4 --time-ticks-at-unix-epoch=-1738610807898700 --launch-time-ticks=60009918 --field-trial-handle=3012,i,13267974462664726494,16833304380308122406,262144 --disable-features=CalculateNativeWinOcclusion,PlzDedicatedWorker,SpareRendererForSitePerProcess,WinDelaySpellcheckServiceInit,WinRetrieveSuggestionsOnlyOnDemand --variations-seed-version --mojo-platform-channel-handle=3016 --vscode-window-config=vscode:36980f0b-04fb-4447-832f-4a5f987a5293 /prefetch:1","1"
"Code.exe","C:\Program Files\Microsoft VS Code\Code.exe","2/3/2025 2:28:04 PM","1276","5844","""C:\Program Files\Microsoft VS Code\Code.exe"" --type=utility --utility-sub-type=node.mojom.NodeService --lang=en-US --service-sandbox-type=none --dns-result-order=ipv4first --inspect-port=0 --video-capture-use-gpu-memory-buffer --user-data-dir=""C:\Users\mikes\AppData\Roaming\Code"" --standard-schemes=vscode-webview,vscode-file --enable-sandbox --secure-schemes=vscode-webview,vscode-file --cors-schemes=vscode-webview,vscode-file --fetch-schemes=vscode-webview,vscode-file --service-worker-schemes=vscode-webview --code-cache-schemes=vscode-webview,vscode-file --field-trial-handle=4384,i,13267974462664726494,16833304380308122406,262144 --disable-features=CalculateNativeWinOcclusion,PlzDedicatedWorker,SpareRendererForSitePerProcess,WinDelaySpellcheckServiceInit,WinRetrieveSuggestionsOnlyOnDemand --variations-seed-version --mojo-platform-channel-handle=4316 /prefetch:14","1"
"Code.exe","C:\Program Files\Microsoft VS Code\Code.exe","2/3/2025 2:27:47 PM","1920","5844","""C:\Program Files\Microsoft VS Code\Code.exe"" --type=crashpad-handler --user-data-dir=C:\Users\mikes\AppData\Roaming\Code /prefetch:4 --no-rate-limit --monitor-self-annotation=ptype=crashpad-handler --database=C:\Users\mikes\AppData\Roaming\Code\Crashpad --url=appcenter://code?aid=a4e3233c-699c-46ec-b4f4-9c2a77254662&uid=91aef347-1cad-4c18-9a3e-0f8db94e4c92&iid=91aef347-1cad-4c18-9a3e-0f8db94e4c92&sid=91aef347-1cad-4c18-9a3e-0f8db94e4c92 --annotation=_companyName=Microsoft --annotation=_productName=VSCode --annotation=_version=1.96.4 --annotation=plat=Win64 --annotation=prod=Electron --annotation=ver=32.2.6 --initial-client-data=0x484,0x488,0x48c,0x480,0x490,0x7ff654fe60b8,0x7ff654fe60c4,0x7ff654fe60d0","1"
"Code.exe","C:\Program Files\Microsoft VS Code\Code.exe","2/3/2025 2:28:04 PM","12908","5844","""C:\Program Files\Microsoft VS Code\Code.exe"" --type=utility --utility-sub-type=node.mojom.NodeService --lang=en-US --service-sandbox-type=none --video-capture-use-gpu-memory-buffer --user-data-dir=""C:\Users\mikes\AppData\Roaming\Code"" --standard-schemes=vscode-webview,vscode-file --enable-sandbox --secure-schemes=vscode-webview,vscode-file --cors-schemes=vscode-webview,vscode-file --fetch-schemes=vscode-webview,vscode-file --service-worker-schemes=vscode-webview --code-cache-schemes=vscode-webview,vscode-file --field-trial-handle=3736,i,13267974462664726494,16833304380308122406,262144 --disable-features=CalculateNativeWinOcclusion,PlzDedicatedWorker,SpareRendererForSitePerProcess,WinDelaySpellcheckServiceInit,WinRetrieveSuggestionsOnlyOnDemand --variations-seed-version --mojo-platform-channel-handle=3756 /prefetch:14","1"
"Code.exe","C:\Program Files\Microsoft VS Code\Code.exe","2/3/2025 2:28:04 PM","14040","5844","""C:\Program Files\Microsoft VS Code\Code.exe"" --type=utility --utility-sub-type=node.mojom.NodeService --lang=en-US --service-sandbox-type=none --video-capture-use-gpu-memory-buffer --user-data-dir=""C:\Users\mikes\AppData\Roaming\Code"" --standard-schemes=vscode-webview,vscode-file --enable-sandbox --secure-schemes=vscode-webview,vscode-file --cors-schemes=vscode-webview,vscode-file --fetch-schemes=vscode-webview,vscode-file --service-worker-schemes=vscode-webview --code-cache-schemes=vscode-webview,vscode-file --field-trial-handle=6652,i,13267974462664726494,16833304380308122406,262144 --disable-features=CalculateNativeWinOcclusion,PlzDedicatedWorker,SpareRendererForSitePerProcess,WinDelaySpellcheckServiceInit,WinRetrieveSuggestionsOnlyOnDemand --variations-seed-version --mojo-platform-channel-handle=3620 /prefetch:14","1"
"GameLibraryAppService.exe","C:\Program Files\WindowsApps\DellInc.AlienwareCommandCenter_5.9.2.0_x64__htrsf667h5kn2\GameLibrary\GameLibraryAppService.exe","2/3/2025 2:29:21 PM","1656","6172","""C:\Program Files\WindowsApps\DellInc.AlienwareCommandCenter_5.9.2.0_x64__htrsf667h5kn2\GameLibrary\GameLibraryAppService.exe"" /InvokerPRAID: App ","1"
"ShellHost.exe","C:\Windows\System32\ShellHost.exe","2/3/2025 2:27:11 PM","7844","6172","""C:\Windows\System32\ShellHost.exe""","1"
"PowerToys.FancyZones.exe","C:\Program Files\PowerToys\modules\FancyZones\PowerToys.FancyZones.exe","2/3/2025 2:27:30 PM","13316","7040","""C:\Program Files\PowerToys\modules\FancyZones\PowerToys.FancyZones.exe"" 7040","1"
"PowerToys.PowerOCR.exe","C:\Program Files\PowerToys\modules\PowerOCR\PowerToys.PowerOCR.exe","2/3/2025 2:27:35 PM","7964","7040","""C:\Program Files\PowerToys\modules\PowerOCR\PowerToys.PowerOCR.exe"" 7040","1"
"PowerToys.AlwaysOnTop.exe","C:\Program Files\PowerToys\modules\AlwaysOnTop\PowerToys.AlwaysOnTop.exe","2/3/2025 2:27:28 PM","6040","7040","""C:\Program Files\PowerToys\modules\AlwaysOnTop\PowerToys.AlwaysOnTop.exe"" 7040","1"
"PowerToys.Awake.exe","C:\Program Files\PowerToys\modules\Awake\PowerToys.Awake.exe","2/3/2025 2:27:28 PM","6920","7040","modules\Awake\PowerToys.Awake.exe --use-pt-config --pid 7040","1"
"PowerToys.KeyboardManagerEngine.exe","C:\Program Files\PowerToys\modules\KeyboardManager\KeyboardManagerEngine\PowerToys.KeyboardManagerEngine.exe","2/3/2025 2:27:30 PM","13388","7040","""C:\Program Files\PowerToys\modules\KeyboardManager\KeyboardManagerEngine\PowerToys.KeyboardManagerEngine.exe"" 7040","1"
"PowerToys.ColorPickerUI.exe","C:\Program Files\PowerToys\modules\ColorPicker\PowerToys.ColorPickerUI.exe","2/3/2025 2:27:29 PM","5896","7040","""C:\Program Files\PowerToys\modules\ColorPicker\PowerToys.ColorPickerUI.exe"" 7040","1"
"Notion.exe","C:\Users\mikes\AppData\Local\Programs\Notion\Notion.exe","2/3/2025 5:38:09 PM","17180","7384","""C:\Users\mikes\AppData\Local\Programs\Notion\Notion.exe"" --type=utility --utility-sub-type=network.mojom.NetworkService --lang=en-US --service-sandbox-type=none --user-data-dir=""C:\Users\mikes\AppData\Roaming\Notion"" --field-trial-handle=1980,i,5788682000305598607,7943117805815274614,262144 --disable-features=SpareRendererForSitePerProcess,WinDelaySpellcheckServiceInit,WinRetrieveSuggestionsOnlyOnDemand --variations-seed-version --mojo-platform-channel-handle=1976 /prefetch:11","1"
"Notion.exe","C:\Users\mikes\AppData\Local\Programs\Notion\Notion.exe","2/3/2025 5:38:10 PM","5116","7384","""C:\Users\mikes\AppData\Local\Programs\Notion\Notion.exe"" --type=renderer --user-data-dir=""C:\Users\mikes\AppData\Roaming\Notion"" --app-user-model-id=notion.id --app-path=""C:\Users\mikes\AppData\Local\Programs\Notion\resources\app.asar"" --enable-sandbox --video-capture-use-gpu-memory-buffer --lang=en-US --device-scale-factor=1 --num-raster-threads=4 --enable-main-frame-before-activation --renderer-client-id=7 --time-ticks-at-unix-epoch=-1738610807896634 --launch-time-ticks=11482318023 --field-trial-handle=3428,i,5788682000305598607,7943117805815274614,262144 --disable-features=SpareRendererForSitePerProcess,WinDelaySpellcheckServiceInit,WinRetrieveSuggestionsOnlyOnDemand --variations-seed-version --mojo-platform-channel-handle=3436 /prefetch:1","1"
"Notion.exe","C:\Users\mikes\AppData\Local\Programs\Notion\Notion.exe","2/3/2025 5:38:20 PM","2924","7384","""C:\Users\mikes\AppData\Local\Programs\Notion\Notion.exe"" --type=renderer --user-data-dir=""C:\Users\mikes\AppData\Roaming\Notion"" --app-user-model-id=notion.id --app-path=""C:\Users\mikes\AppData\Local\Programs\Notion\resources\app.asar"" --enable-sandbox --video-capture-use-gpu-memory-buffer --lang=en-US --device-scale-factor=1 --num-raster-threads=4 --enable-main-frame-before-activation --renderer-client-id=13 --time-ticks-at-unix-epoch=-1738610807896634 --launch-time-ticks=11492606205 --field-trial-handle=4864,i,5788682000305598607,7943117805815274614,262144 --disable-features=SpareRendererForSitePerProcess,WinDelaySpellcheckServiceInit,WinRetrieveSuggestionsOnlyOnDemand --variations-seed-version --mojo-platform-channel-handle=5000 /prefetch:1","1"
"Notion.exe","C:\Users\mikes\AppData\Local\Programs\Notion\Notion.exe","2/3/2025 5:38:10 PM","9312","7384","""C:\Users\mikes\AppData\Local\Programs\Notion\Notion.exe"" --type=renderer --user-data-dir=""C:\Users\mikes\AppData\Roaming\Notion"" --app-user-model-id=notion.id --app-path=""C:\Users\mikes\AppData\Local\Programs\Notion\resources\app.asar"" --enable-sandbox --video-capture-use-gpu-memory-buffer --lang=en-US --device-scale-factor=1 --num-raster-threads=4 --enable-main-frame-before-activation --renderer-client-id=9 --time-ticks-at-unix-epoch=-1738610807896634 --launch-time-ticks=11482403305 --field-trial-handle=3804,i,5788682000305598607,7943117805815274614,262144 --disable-features=SpareRendererForSitePerProcess,WinDelaySpellcheckServiceInit,WinRetrieveSuggestionsOnlyOnDemand --variations-seed-version --mojo-platform-channel-handle=3812 /prefetch:1","1"
"Notion.exe","C:\Users\mikes\AppData\Local\Programs\Notion\Notion.exe","2/3/2025 5:38:10 PM","5724","7384","""C:\Users\mikes\AppData\Local\Programs\Notion\Notion.exe"" --type=renderer --user-data-dir=""C:\Users\mikes\AppData\Roaming\Notion"" --app-user-model-id=notion.id --app-path=""C:\Users\mikes\AppData\Local\Programs\Notion\resources\app.asar"" --enable-sandbox --video-capture-use-gpu-memory-buffer --lang=en-US --device-scale-factor=1 --num-raster-threads=4 --enable-main-frame-before-activation --renderer-client-id=10 --time-ticks-at-unix-epoch=-1738610807896634 --launch-time-ticks=11482479081 --field-trial-handle=3864,i,5788682000305598607,7943117805815274614,262144 --disable-features=SpareRendererForSitePerProcess,WinDelaySpellcheckServiceInit,WinRetrieveSuggestionsOnlyOnDemand --variations-seed-version --mojo-platform-channel-handle=3856 /prefetch:1","1"
"Notion.exe","C:\Users\mikes\AppData\Local\Programs\Notion\Notion.exe","2/3/2025 5:38:09 PM","8960","7384","C:\Users\mikes\AppData\Local\Programs\Notion\Notion.exe --type=crashpad-handler --user-data-dir=C:\Users\mikes\AppData\Roaming\Notion /prefetch:4 --no-rate-limit --monitor-self-annotation=ptype=crashpad-handler --database=C:\Users\mikes\AppData\Roaming\Notion\Crashpad --url=https://www.notion.so/server/crash-report --annotation=_companyName=Notion --annotation=_productName=Notion --annotation=_version=4.4.0 --annotation=plat=Win64 --annotation=prod=Electron --annotation=ver=33.3.0 --initial-client-data=0x4a0,0x4a4,0x4a8,0x49c,0x4ac,0x7ff62d14260c,0x7ff62d142618,0x7ff62d142628","1"
"Notion.exe","C:\Users\mikes\AppData\Local\Programs\Notion\Notion.exe","2/3/2025 5:38:10 PM","5928","7384","""C:\Users\mikes\AppData\Local\Programs\Notion\Notion.exe"" --type=renderer --user-data-dir=""C:\Users\mikes\AppData\Roaming\Notion"" --app-user-model-id=notion.id --app-path=""C:\Users\mikes\AppData\Local\Programs\Notion\resources\app.asar"" --enable-sandbox --video-capture-use-gpu-memory-buffer --lang=en-US --device-scale-factor=1 --num-raster-threads=4 --enable-main-frame-before-activation --renderer-client-id=11 --time-ticks-at-unix-epoch=-1738610807896634 --launch-time-ticks=11482663218 --field-trial-handle=4356,i,5788682000305598607,7943117805815274614,262144 --disable-features=SpareRendererForSitePerProcess,WinDelaySpellcheckServiceInit,WinRetrieveSuggestionsOnlyOnDemand --variations-seed-version --mojo-platform-channel-handle=4344 /prefetch:1","1"
"Notion.exe","C:\Users\mikes\AppData\Local\Programs\Notion\Notion.exe","2/3/2025 5:38:10 PM","17316","7384","""C:\Users\mikes\AppData\Local\Programs\Notion\Notion.exe"" --type=utility --utility-sub-type=node.mojom.NodeService --lang=en-US --service-sandbox-type=none --video-capture-use-gpu-memory-buffer --user-data-dir=""C:\Users\mikes\AppData\Roaming\Notion"" --field-trial-handle=2680,i,5788682000305598607,7943117805815274614,262144 --disable-features=SpareRendererForSitePerProcess,WinDelaySpellcheckServiceInit,WinRetrieveSuggestionsOnlyOnDemand --variations-seed-version --mojo-platform-channel-handle=2676 /prefetch:14","1"
"Notion.exe","C:\Users\mikes\AppData\Local\Programs\Notion\Notion.exe","2/3/2025 5:38:09 PM","2208","7384","""C:\Users\mikes\AppData\Local\Programs\Notion\Notion.exe"" --type=gpu-process --user-data-dir=""C:\Users\mikes\AppData\Roaming\Notion"" --gpu-preferences=UAAAAAAAAADgAAAEAAAAAAAAAAAAAAAAAABgAAEAAAAAAAAAAAAAAAAAAAACAAAAAAAAAAAAAAAAAAAAAAAAABAAAAAAAAAAEAAAAAAAAAAIAAAAAAAAAAgAAAAAAAAA --field-trial-handle=1700,i,5788682000305598607,7943117805815274614,262144 --disable-features=SpareRendererForSitePerProcess,WinDelaySpellcheckServiceInit,WinRetrieveSuggestionsOnlyOnDemand --variations-seed-version --mojo-platform-channel-handle=1688 /prefetch:2","1"
"explorer.exe","C:\WINDOWS\Explorer.EXE","2/3/2025 2:27:11 PM","7836","7788","C:\WINDOWS\Explorer.EXE","1"
"Notion.exe","C:\Users\mikes\AppData\Local\Programs\Notion\Notion.exe","2/3/2025 5:38:08 PM","7384","7836","""C:\Users\mikes\AppData\Local\Programs\Notion\Notion.exe"" ","1"
"Code.exe","C:\Program Files\Microsoft VS Code\Code.exe","2/3/2025 2:27:46 PM","5844","7836","""C:\Program Files\Microsoft VS Code\Code.exe"" ","1"
"SecurityHealthSystray.exe","C:\Windows\System32\SecurityHealthSystray.exe","2/3/2025 2:28:00 PM","14632","7836","""C:\Windows\System32\SecurityHealthSystray.exe"" ","1"
"chrome.exe","C:\Program Files (x86)\Google\Chrome\Application\chrome.exe","2/3/2025 3:04:15 PM","8704","7836","""C:\Program Files (x86)\Google\Chrome\Application\chrome.exe"" ","1"
"iCloudServices.exe","C:\Program Files (x86)\Common Files\Apple\Internet Services\iCloudServices.exe","2/3/2025 2:28:32 PM","8004","7836","""C:\Program Files (x86)\Common Files\Apple\Internet Services\iCloudServices.exe"" ","1"
"iCloudDrive.exe","C:\Program Files (x86)\Common Files\Apple\Internet Services\iCloudDrive.exe","2/3/2025 2:28:35 PM","15264","7836","""C:\Program Files (x86)\Common Files\Apple\Internet Services\iCloudDrive.exe"" ","1"
"OneDrive.exe","C:\Users\mikes\AppData\Local\Microsoft\OneDrive\OneDrive.exe","2/3/2025 2:28:02 PM","15060","7836","""C:\Users\mikes\AppData\Local\Microsoft\OneDrive\OneDrive.exe"" /background","1"
"PowerToys.PowerLauncher.exe","C:\Program Files\PowerToys\modules\launcher\PowerToys.PowerLauncher.exe","2/3/2025 2:27:34 PM","3944","7836","""C:\Program Files\PowerToys\modules\launcher\PowerToys.PowerLauncher.exe""  -powerToysPid 7040 --started-from-runner ","1"
"WindowsTerminal.exe","C:\Program Files\WindowsApps\Microsoft.WindowsTerminal_1.21.3231.0_x64__8wekyb3d8bbwe\WindowsTerminal.exe","2/3/2025 2:27:40 PM","13804","7836","""C:\Program Files\WindowsApps\Microsoft.WindowsTerminal_1.21.3231.0_x64__8wekyb3d8bbwe\WindowsTerminal.exe"" new-tab --profile ""{61c54bbd-c2c6-5271-96e7-009a87ff44bf}"" --startingDirectory ""C:/"" ","1"
"RtkAudUService64.exe","C:\Windows\System32\DriverStore\FileRepository\realtekservice.inf_amd64_a42d9de41f05fa49\RtkAudUService64.exe","2/3/2025 2:28:01 PM","14720","7836","""C:\Windows\System32\DriverStore\FileRepository\realtekservice.inf_amd64_a42d9de41f05fa49\RtkAudUService64.exe"" -background","1"
"AggregatorHost.exe","C:\WINDOWS\System32\AggregatorHost.exe","2/3/2025 2:27:15 PM","10572","8536","AggregatorHost.exe","0"
"chrome.exe","C:\Program Files (x86)\Google\Chrome\Application\chrome.exe","2/3/2025 6:19:28 PM","9876","8704","""C:\Program Files (x86)\Google\Chrome\Application\chrome.exe"" --type=renderer --string-annotations --enable-dinosaur-easter-egg-alt-images --video-capture-use-gpu-memory-buffer --lang=en-US --device-scale-factor=1 --num-raster-threads=4 --enable-main-frame-before-activation --renderer-client-id=836 --time-ticks-at-unix-epoch=-1738610807899031 --launch-time-ticks=13960400415 --field-trial-handle=12684,i,14349107638604383013,15075635186589685526,262144 --variations-seed-version=20250203-050117.250000 --mojo-platform-channel-handle=11000 /prefetch:1","1"
"chrome.exe","C:\Program Files (x86)\Google\Chrome\Application\chrome.exe","2/3/2025 6:20:17 PM","15660","8704","""C:\Program Files (x86)\Google\Chrome\Application\chrome.exe"" --type=renderer --string-annotations --enable-dinosaur-easter-egg-alt-images --video-capture-use-gpu-memory-buffer --lang=en-US --device-scale-factor=1 --num-raster-threads=4 --enable-main-frame-before-activation --renderer-client-id=845 --time-ticks-at-unix-epoch=-1738610807899031 --launch-time-ticks=14009364863 --field-trial-handle=12308,i,14349107638604383013,15075635186589685526,262144 --variations-seed-version=20250203-050117.250000 --mojo-platform-channel-handle=9692 /prefetch:1","1"
"chrome.exe","C:\Program Files (x86)\Google\Chrome\Application\chrome.exe","2/3/2025 6:16:26 PM","2784","8704","""C:\Program Files (x86)\Google\Chrome\Application\chrome.exe"" --type=renderer --string-annotations --enable-dinosaur-easter-egg-alt-images --video-capture-use-gpu-memory-buffer --lang=en-US --device-scale-factor=1 --num-raster-threads=4 --enable-main-frame-before-activation --renderer-client-id=819 --time-ticks-at-unix-epoch=-1738610807899031 --launch-time-ticks=13778435673 --field-trial-handle=12456,i,14349107638604383013,15075635186589685526,262144 --variations-seed-version=20250203-050117.250000 --mojo-platform-channel-handle=11928 /prefetch:1","1"
"chrome.exe","C:\Program Files (x86)\Google\Chrome\Application\chrome.exe","2/3/2025 3:04:16 PM","2160","8704","""C:\Program Files (x86)\Google\Chrome\Application\chrome.exe"" --type=utility --utility-sub-type=storage.mojom.StorageService --lang=en-US --service-sandbox-type=service --string-annotations --field-trial-handle=2316,i,14349107638604383013,15075635186589685526,262144 --variations-seed-version=20250203-050117.250000 --mojo-platform-channel-handle=2328 /prefetch:13","1"
"chrome.exe","C:\Program Files (x86)\Google\Chrome\Application\chrome.exe","2/3/2025 3:04:16 PM","6348","8704","""C:\Program Files (x86)\Google\Chrome\Application\chrome.exe"" --type=renderer --string-annotations --extension-process --enable-dinosaur-easter-egg-alt-images --video-capture-use-gpu-memory-buffer --lang=en-US --device-scale-factor=1 --num-raster-threads=4 --enable-main-frame-before-activation --renderer-client-id=9 --time-ticks-at-unix-epoch=-1738610807899031 --launch-time-ticks=2248426100 --field-trial-handle=4124,i,14349107638604383013,15075635186589685526,262144 --variations-seed-version=20250203-050117.250000 --mojo-platform-channel-handle=4156 /prefetch:9","1"
"chrome.exe","C:\Program Files (x86)\Google\Chrome\Application\chrome.exe","2/3/2025 6:44:47 PM","14192","8704","""C:\Program Files (x86)\Google\Chrome\Application\chrome.exe"" --type=renderer --string-annotations --extension-process --enable-dinosaur-easter-egg-alt-images --video-capture-use-gpu-memory-buffer --lang=en-US --device-scale-factor=1 --num-raster-threads=4 --enable-main-frame-before-activation --renderer-client-id=906 --time-ticks-at-unix-epoch=-1738610807899031 --launch-time-ticks=15480015350 --field-trial-handle=4828,i,14349107638604383013,15075635186589685526,262144 --variations-seed-version=20250203-050117.250000 --mojo-platform-channel-handle=12944 /prefetch:9","1"
"chrome.exe","C:\Program Files (x86)\Google\Chrome\Application\chrome.exe","2/3/2025 3:04:15 PM","15584","8704","""C:\Program Files (x86)\Google\Chrome\Application\chrome.exe"" --type=crashpad-handler ""--user-data-dir=C:\Users\mikes\AppData\Local\Google\Chrome\User Data"" /prefetch:4 --monitor-self-annotation=ptype=crashpad-handler ""--database=C:\Users\mikes\AppData\Local\Google\Chrome\User Data\Crashpad"" --url=https://clients2.google.com/cr/report --annotation=channel= --annotation=plat=Win64 --annotation=prod=Chrome --annotation=ver=132.0.6834.160 --initial-client-data=0x11c,0x120,0x124,0xf8,0x128,0x7ff89f68dcf8,0x7ff89f68dd04,0x7ff89f68dd10","1"
"chrome.exe","C:\Program Files (x86)\Google\Chrome\Application\chrome.exe","2/3/2025 3:04:15 PM","10832","8704","""C:\Program Files (x86)\Google\Chrome\Application\chrome.exe"" --type=gpu-process --string-annotations --gpu-preferences=UAAAAAAAAADgAAAEAAAAAAAAAAAAAAAAAABgAAEAAAAAAAAAAAAAAAAAAAACAAAAAAAAAAAAAAAAAAAAAAAAABAAAAAAAAAAEAAAAAAAAAAIAAAAAAAAAAgAAAAAAAAA --field-trial-handle=1936,i,14349107638604383013,15075635186589685526,262144 --variations-seed-version=20250203-050117.250000 --mojo-platform-channel-handle=1900 /prefetch:2","1"
"chrome.exe","C:\Program Files (x86)\Google\Chrome\Application\chrome.exe","2/3/2025 6:41:26 PM","6036","8704","""C:\Program Files (x86)\Google\Chrome\Application\chrome.exe"" --type=renderer --string-annotations --enable-dinosaur-easter-egg-alt-images --video-capture-use-gpu-memory-buffer --lang=en-US --device-scale-factor=1 --num-raster-threads=4 --enable-main-frame-before-activation --renderer-client-id=897 --time-ticks-at-unix-epoch=-1738610807899031 --launch-time-ticks=15278441149 --field-trial-handle=12376,i,14349107638604383013,15075635186589685526,262144 --variations-seed-version=20250203-050117.250000 --mojo-platform-channel-handle=13180 /prefetch:1","1"
"chrome.exe","C:\Program Files (x86)\Google\Chrome\Application\chrome.exe","2/3/2025 3:04:15 PM","7764","8704","""C:\Program Files (x86)\Google\Chrome\Application\chrome.exe"" --type=utility --utility-sub-type=network.mojom.NetworkService --lang=en-US --service-sandbox-type=none --string-annotations --field-trial-handle=2064,i,14349107638604383013,15075635186589685526,262144 --variations-seed-version=20250203-050117.250000 --mojo-platform-channel-handle=2164 /prefetch:11","1"
"chrome.exe","C:\Program Files (x86)\Google\Chrome\Application\chrome.exe","2/3/2025 3:04:16 PM","5280","8704","""C:\Program Files (x86)\Google\Chrome\Application\chrome.exe"" --type=renderer --string-annotations --extension-process --enable-dinosaur-easter-egg-alt-images --video-capture-use-gpu-memory-buffer --lang=en-US --device-scale-factor=1 --num-raster-threads=4 --enable-main-frame-before-activation --renderer-client-id=5 --time-ticks-at-unix-epoch=-1738610807899031 --launch-time-ticks=2248559810 --field-trial-handle=6268,i,14349107638604383013,15075635186589685526,262144 --variations-seed-version=20250203-050117.250000 --mojo-platform-channel-handle=6088 /prefetch:9","1"
"chrome.exe","C:\Program Files (x86)\Google\Chrome\Application\chrome.exe","2/3/2025 4:36:32 PM","4124","8704","""C:\Program Files (x86)\Google\Chrome\Application\chrome.exe"" --type=renderer --string-annotations --enable-dinosaur-easter-egg-alt-images --video-capture-use-gpu-memory-buffer --lang=en-US --device-scale-factor=1 --num-raster-threads=4 --enable-main-frame-before-activation --renderer-client-id=395 --time-ticks-at-unix-epoch=-1738610807899031 --launch-time-ticks=7784577949 --field-trial-handle=11880,i,14349107638604383013,15075635186589685526,262144 --variations-seed-version=20250203-050117.250000 --mojo-platform-channel-handle=11824 /prefetch:1","1"
"chrome.exe","C:\Program Files (x86)\Google\Chrome\Application\chrome.exe","2/3/2025 4:36:38 PM","17168","8704","""C:\Program Files (x86)\Google\Chrome\Application\chrome.exe"" --type=renderer --string-annotations --enable-dinosaur-easter-egg-alt-images --video-capture-use-gpu-memory-buffer --lang=en-US --device-scale-factor=1 --num-raster-threads=4 --enable-main-frame-before-activation --renderer-client-id=397 --time-ticks-at-unix-epoch=-1738610807899031 --launch-time-ticks=7790117381 --field-trial-handle=10744,i,14349107638604383013,15075635186589685526,262144 --variations-seed-version=20250203-050117.250000 --mojo-platform-channel-handle=10788 /prefetch:1","1"
"chrome.exe","C:\Program Files (x86)\Google\Chrome\Application\chrome.exe","2/3/2025 5:11:26 PM","16912","8704","""C:\Program Files (x86)\Google\Chrome\Application\chrome.exe"" --type=renderer --string-annotations --enable-dinosaur-easter-egg-alt-images --video-capture-use-gpu-memory-buffer --lang=en-US --device-scale-factor=1 --num-raster-threads=4 --enable-main-frame-before-activation --renderer-client-id=520 --time-ticks-at-unix-epoch=-1738610807899031 --launch-time-ticks=9878429834 --field-trial-handle=10468,i,14349107638604383013,15075635186589685526,262144 --variations-seed-version=20250203-050117.250000 --mojo-platform-channel-handle=5552 /prefetch:1","1"
"chrome.exe","C:\Program Files (x86)\Google\Chrome\Application\chrome.exe","2/3/2025 3:04:18 PM","10900","8704","""C:\Program Files (x86)\Google\Chrome\Application\chrome.exe"" --type=utility --utility-sub-type=audio.mojom.AudioService --lang=en-US --service-sandbox-type=audio --video-capture-use-gpu-memory-buffer --string-annotations --field-trial-handle=3520,i,14349107638604383013,15075635186589685526,262144 --variations-seed-version=20250203-050117.250000 --mojo-platform-channel-handle=4368 /prefetch:12","1"
"chrome.exe","C:\Program Files (x86)\Google\Chrome\Application\chrome.exe","2/3/2025 3:04:18 PM","7832","8704","""C:\Program Files (x86)\Google\Chrome\Application\chrome.exe"" --type=utility --utility-sub-type=video_capture.mojom.VideoCaptureService --lang=en-US --service-sandbox-type=none --video-capture-use-gpu-memory-buffer --string-annotations --field-trial-handle=7620,i,14349107638604383013,15075635186589685526,262144 --variations-seed-version=20250203-050117.250000 --mojo-platform-channel-handle=3692 /prefetch:14","1"
"chrome.exe","C:\Program Files (x86)\Google\Chrome\Application\chrome.exe","2/3/2025 3:04:16 PM","14500","8704","""C:\Program Files (x86)\Google\Chrome\Application\chrome.exe"" --type=renderer --string-annotations --extension-process --enable-dinosaur-easter-egg-alt-images --video-capture-use-gpu-memory-buffer --lang=en-US --device-scale-factor=1 --num-raster-threads=4 --enable-main-frame-before-activation --renderer-client-id=6 --time-ticks-at-unix-epoch=-1738610807899031 --launch-time-ticks=2248714126 --field-trial-handle=7308,i,14349107638604383013,15075635186589685526,262144 --variations-seed-version=20250203-050117.250000 --mojo-platform-channel-handle=7304 /prefetch:9","1"
"AWCC.Background.Server.exe","C:\Program Files\Alienware\Alienware Command Center\AWCC.Background.Server.exe","2/3/2025 2:29:17 PM","9240","8708","""C:\Program Files\Alienware\Alienware Command Center\AWCC.Background.Server.exe""","1"
"SECOCL64.exe","C:\WINDOWS\System32\DriverStore\FileRepository\seapo64.inf_amd64_deaeb20891c6fa3a\SECOCL64.exe","2/3/2025 2:27:14 PM","9008","8784","/exit-mutex-guid={4EE75E9C-793C-44F5-BD23-860799B5289B} /host-pipe-name=\\.\pipe\{7392FF22-C4E3-4FED-8F9F-E025047EBFD1} /endpoint-id=","1"
"RtkAudUService64.exe","C:\WINDOWS\System32\DriverStore\FileRepository\realtekservice.inf_amd64_a42d9de41f05fa49\RtkAudUService64.exe","2/3/2025 2:27:15 PM","10252","8792","""C:\WINDOWS\System32\DriverStore\FileRepository\realtekservice.inf_amd64_a42d9de41f05fa49\RtkAudUService64.exe"" -admin","1"
"conhost.exe","C:\WINDOWS\system32\conhost.exe","2/3/2025 2:27:14 PM","9096","9008","\??\C:\WINDOWS\system32\conhost.exe 0x4","1"
"msedgewebview2.exe","C:\Program Files (x86)\Microsoft\EdgeWebView\Application\132.0.2957.127\msedgewebview2.exe","2/3/2025 2:29:21 PM","2672","10632","""C:\Program Files (x86)\Microsoft\EdgeWebView\Application\132.0.2957.127\msedgewebview2.exe"" --embedded-browser-webview=1 --webview-exe-name=Widgets.exe --webview-exe-version=524.34401.20.0 --user-data-dir=""C:\Users\mikes\AppData\Local\Packages\MicrosoftWindows.Client.WebExperience_cw5n1h2txyewy\LocalState\EBWebView"" --noerrdialogs --disk-cache-size=52428800 --edge-webview-is-background --lang=en-US --mojo-named-platform-channel-pipe=10632.2140.1051507392819591905 /pfhostedapp:d92bf0af1f81342e9881e12b2e08b8198dc4268e","1"
"OpenConsole.exe","C:\Program Files\WindowsApps\Microsoft.WindowsTerminal_1.21.3231.0_x64__8wekyb3d8bbwe\OpenConsole.exe","2/3/2025 3:51:46 PM","9864","13804","""C:\Program Files\WindowsApps\Microsoft.WindowsTerminal_1.21.3231.0_x64__8wekyb3d8bbwe\OpenConsole.exe"" --headless --resizeQuirk --width 120 --height 30 --signal 0xb80 --server 0xb5c","1"
"powershell.exe","C:\windows\System32\WindowsPowerShell\v1.0\powershell.exe","2/3/2025 3:51:46 PM","12420","13804","powershell.exe -NoLogo","1"
"powershell.exe","C:\windows\System32\WindowsPowerShell\v1.0\powershell.exe","2/3/2025 4:06:58 PM","9124","13804","powershell.exe -NoLogo","1"
"OpenConsole.exe","C:\Program Files\WindowsApps\Microsoft.WindowsTerminal_1.21.3231.0_x64__8wekyb3d8bbwe\OpenConsole.exe","2/3/2025 4:06:58 PM","10700","13804","""C:\Program Files\WindowsApps\Microsoft.WindowsTerminal_1.21.3231.0_x64__8wekyb3d8bbwe\OpenConsole.exe"" --headless --resizeQuirk --width 120 --height 30 --signal 0xb50 --server 0xbf0","1"
"conhost.exe","\\?\C:\WINDOWS\system32\conhost.exe","2/3/2025 2:28:06 PM","13080","14040","\\?\C:\WINDOWS\system32\conhost.exe --headless --inheritcursor --width 155 --height 9 --signal 0x3e0 --server 0x3d4","1"
"powershell.exe","C:\WINDOWS\System32\WindowsPowerShell\v1.0\powershell.exe","2/3/2025 2:28:14 PM","5924","14040","C:\WINDOWS\System32\WindowsPowerShell\v1.0\powershell.exe -NoProfile -ExecutionPolicy Bypass -Command ""Import-Module 'c:\Users\mikes\.vscode\extensions\ms-vscode.powershell-2025.0.0\modules\PowerShellEditorServices\PowerShellEditorServices.psd1'; Start-EditorServices -HostName 'Visual Studio Code Host' -HostProfileId 'Microsoft.VSCode' -HostVersion '2025.0.0' -BundledModulesPath 'c:\Users\mikes\.vscode\extensions\ms-vscode.powershell-2025.0.0\modules' -EnableConsoleRepl -StartupBanner \""PowerShell Extension v2025.0.0
Copyright (c) Microsoft Corporation.

https://aka.ms/vscode-powershell
Type 'help' to get help.
\"" -LogLevel 'Warning' -LogPath 'c:\Users\mikes\AppData\Roaming\Code\logs\20250203T142747\window1\exthost\ms-vscode.powershell' -SessionDetailsPath 'c:\Users\mikes\AppData\Roaming\Code\User\globalStorage\ms-vscode.powershell\sessions\PSES-VSCode-5844-827662.json' -FeatureFlags @() ""","1"
"conhost.exe","\\?\C:\WINDOWS\system32\conhost.exe","2/3/2025 2:28:14 PM","7900","14040","\\?\C:\WINDOWS\system32\conhost.exe --headless --width 170 --height 9 --signal 0x418 --server 0x42c","1"
"powershell.exe","C:\WINDOWS\System32\WindowsPowerShell\v1.0\powershell.exe","2/3/2025 2:28:06 PM","5656","14040","C:\WINDOWS\System32\WindowsPowerShell\v1.0\powershell.exe -noexit -command ""try { . \""c:\Program Files\Microsoft VS Code\resources\app\out\vs\workbench\contrib\terminal\common\scripts\shellIntegration.ps1\"" } catch {}""","1"
